PRAGMA foreign_keys=OFF;
BEGIN TRANSACTION;
CREATE TABLE `skills` (`id` integer,`created_at` datetime,`updated_at` datetime,`skill_name` text,PRIMARY KEY (`id`));
INSERT INTO skills VALUES(1,'2023-07-12 22:17:29.0908779+07:00','2023-07-12 22:17:29.0908779+07:00','a');
INSERT INTO skills VALUES(2,'2023-07-12 22:17:29.0908779+07:00','2023-07-12 22:17:29.0908779+07:00','b');
INSERT INTO skills VALUES(3,'2023-07-12 22:40:03.6845536+07:00','2023-07-12 22:40:03.6845536+07:00','c');
CREATE TABLE `users` (`id` integer,`created_at` datetime,`updated_at` datetime,`name` text,`email` text,`username` text,`password` text,`profile` text,PRIMARY KEY (`id`));
INSERT INTO users VALUES(1,'2023-07-12 22:16:48.9728646+07:00','2023-07-12 22:16:48.9728646+07:00','root','root@root.com','root','$2a$10$1hRCV0qZGve/30S4sqpbCugdHG4lAsQRuUqJi85rtdVPSyKzPXk5y','expert');
INSERT INTO users VALUES(2,'2023-07-12 22:17:29.0848316+07:00','2023-07-12 22:17:29.0848316+07:00','name','mail@mail.com','username','$2a$10$oyCXJgcGH6b.WiIkWtwTc.5weQw6ELFtpnIRIH5UFlzwqkBfStJFG','board');
INSERT INTO users VALUES(4,'2023-07-12 22:40:03.8242358+07:00','2023-07-12 22:40:03.8242358+07:00','name','mail@mail.com','rozak','$2a$10$tQIl4Li6a69eEpOmEIZ1nuiBxuOVXrWvvH10NshuiTuayAMvORRb.','board');
INSERT INTO users VALUES(5,'2023-07-12 22:40:28.2817712+07:00','2023-07-12 22:40:28.2817712+07:00','name','mail@mail.com','abdul','$2a$10$rjuztQ.ZitaMi/bEeL1souGeUGDjAdL54qFJrdAjSci3j4aB2trZG','board');
CREATE TABLE `user_skills` (`user_id` integer,`skill_id` integer,PRIMARY KEY (`user_id`,`skill_id`),CONSTRAINT `fk_user_skills_user` FOREIGN KEY (`user_id`) REFERENCES `users`(`id`),CONSTRAINT `fk_user_skills_skill` FOREIGN KEY (`skill_id`) REFERENCES `skills`(`id`));
INSERT INTO user_skills VALUES(2,1);
INSERT INTO user_skills VALUES(2,2);
INSERT INTO user_skills VALUES(4,2);
INSERT INTO user_skills VALUES(4,3);
CREATE TABLE `activities` (`id` integer,`created_at` datetime,`updated_at` datetime,`skill_id` integer,`title` text,`description` text,`start_date` datetime,`end_date` datetime,PRIMARY KEY (`id`),CONSTRAINT `fk_activities_skill` FOREIGN KEY (`skill_id`) REFERENCES `skills`(`id`));
INSERT INTO activities VALUES(1,'2023-07-13 00:39:32.3838615+07:00','2023-07-13 02:09:29.8668069+07:00',2,'lorem','lorem ipsum','2023-01-01 00:00:00+00:00','2023-01-13 00:00:00+00:00');
INSERT INTO activities VALUES(2,'2023-07-13 02:26:07.2325815+07:00','2023-07-13 02:26:07.2325815+07:00',1,'lorem2','lorem ipsum','2023-01-01 00:00:00+00:00','2023-01-13 00:00:00+00:00');
INSERT INTO activities VALUES(3,'2023-07-13 02:26:12.414614+07:00','2023-07-13 02:26:12.414614+07:00',1,'lorem3','lorem ipsum','2023-01-02 00:00:00+00:00','2023-01-13 00:00:00+00:00');
INSERT INTO activities VALUES(4,'2023-07-13 02:26:17.372789+07:00','2023-07-13 02:26:17.372789+07:00',1,'lorem4','lorem ipsum','2023-01-03 00:00:00+00:00','2023-01-13 00:00:00+00:00');
INSERT INTO activities VALUES(5,'2023-07-13 02:26:21.4416323+07:00','2023-07-13 02:26:21.4416323+07:00',1,'lorem5','lorem ipsum','2023-01-04 00:00:00+00:00','2023-01-13 00:00:00+00:00');
INSERT INTO activities VALUES(6,'2023-07-13 02:39:52.9032074+07:00','2023-07-13 02:39:52.9032074+07:00',3,'lorem','lorem ipsum','2023-01-04 00:00:00+00:00','2023-01-13 00:00:00+00:00');
INSERT INTO activities VALUES(7,'2023-07-13 02:41:41.4454591+07:00','2023-07-13 02:41:41.4454591+07:00',3,'lorem','lorem ipsum','2023-01-04 00:00:00+00:00','2023-01-13 00:00:00+00:00');
CREATE TABLE `activity_users` (`activity_id` integer,`user_id` integer,PRIMARY KEY (`activity_id`,`user_id`),CONSTRAINT `fk_activity_users_activity` FOREIGN KEY (`activity_id`) REFERENCES `activities`(`id`),CONSTRAINT `fk_activity_users_user` FOREIGN KEY (`user_id`) REFERENCES `users`(`id`));
INSERT INTO activity_users VALUES(1,2);
INSERT INTO activity_users VALUES(1,4);
INSERT INTO activity_users VALUES(2,2);
INSERT INTO activity_users VALUES(3,2);
INSERT INTO activity_users VALUES(4,2);
INSERT INTO activity_users VALUES(5,2);
CREATE UNIQUE INDEX `idx_skills_skill_name` ON `skills`(`skill_name`);
CREATE UNIQUE INDEX `idx_users_username` ON `users`(`username`);
COMMIT;
